sp,best_family,optimizer,formula,n_obs,n_sites,n_years,zero_prop,site_re_sd,theta,AIC,AICc_best,dispersion_p,zero_infl_p,YearS_estimate,YearS_se,YearS_p,YearS_IRR,YearS_IRR_low,YearS_IRR_high
EPFU,ZINB2,nlminb,n_files ~ YearS + det_unit + z_eccc_mean_temp + z_eccc_mean_rh +     (1 | site:year),180,3,6,0.5333333333333333,1.591222024774183,1.8196850549151597,590.1269580536485,590.9690633168065,0.416,0.88,0.28418722498279714,0.2764183449054722,0.30390019646031047,1.3286816698697639,0.7729176448678384,2.284066085914975
LABO,NB2,nlminb,n_files ~ YearS + det_unit + z_eccc_mean_temp + z_eccc_wind_speed +     z_eccc_precip + (1 | site:year),180,3,6,0.39444444444444443,1.8709083003341935,1.393443510182275,850.7175553021087,851.5596605652667,0.472,0.764,-0.09790888189576022,0.3124347650575418,0.7539966571117996,0.9067315196470866,0.49151158502162273,1.6727216077426668
LACI,ZINB1,nlminb,n_files ~ YearS + det_unit + z_eccc_mean_temp + z_eccc_precip +     z_eccc_wind_speed + z_mphase + (1 | site:year),180,3,6,0.4722222222222222,0.9456079924138114,0.3327142527750225,529.509690657008,530.811465804937,0.704,0.936,-0.13535388097578396,0.1693536087250012,0.4241522797660487,0.8734067749506795,0.6267040528963144,1.2172242879302964
LANO,NB2,nlminb,n_files ~ YearS + det_unit + z_eccc_mean_rh + z_eccc_wind_speed +     (1 | site:year),180,3,6,0.3333333333333333,1.0330268768478874,1.344827241752727,770.7085520375515,771.3597148282491,0.596,0.992,-0.07006314542417837,0.18043488899015647,0.6977928970914908,0.9323349453615376,0.6546143277245687,1.3278787425319547
40KMyo,NB2,nlminb,n_files ~ YearS + det_unit + z_eccc_mean_rh + (1 | site:year),180,3,6,0.2611111111111111,2.3519966850001435,0.8775271488842273,1569.9385864658184,1570.4241355987663,0.46,0.224,-0.34600097972331645,0.3885307224558688,0.3731776161370607,0.7075117939403609,0.33038150958598517,1.5151360594967815
MYEV,NB2,nlminb,n_files ~ YearS + det_unit + z_eccc_precip + z_eccc_wind_speed +     z_eccc_mean_temp + (1 | site:year),180,3,6,0.48333333333333334,1.1242650418007016,2.2704702105927987,541.1370428953093,541.9791481584672,0.98,1,0.17599354148700758,0.19664932035120972,0.3708077485010023,1.1924303572988446,0.8110447529292986,1.7531586905313488
