sp,best_family,optimizer,formula,n_obs,n_sites,n_years,zero_prop,site_re_sd,theta,AIC,AICc_best,dispersion_p,zero_infl_p,YearS_estimate,YearS_se,YearS_p,YearS_IRR,YearS_IRR_low,YearS_IRR_high
EPFU,ZINB2,nlminb,n_files ~ YearS + det_unit + z_eccc_mean_temp + z_eccc_mean_rh +     (1 | site:year),187,3,6,0.5347593582887701,1.5298102193218748,1.6451962643732085,617.7709680900854,618.5799568541303,0.488,1,0.2008372333433297,0.2623890398096467,0.4440228156373244,1.222425785471466,0.7309312779809611,2.0444121711596175
LABO,NB2,nlminb,n_files ~ YearS + det_unit + z_eccc_mean_temp + z_eccc_mean_rh +     (1 | site:year),187,3,6,0.37967914438502676,1.8827315099772048,1.4154498036898615,893.8759029215962,894.5016012456185,0.436,0.788,-0.14053691380795025,0.31404624814376886,0.6545112887354024,0.8688915902434888,0.4695144282779044,1.6079859321149392
LACI,NB2,nlminb,n_files ~ YearS + det_unit + z_eccc_mean_temp + z_eccc_precip +     z_mphase + (1 | site:year),187,3,6,0.45454545454545453,0.973890591574779,1.9334005512938146,620.7912974618247,621.6002862258696,0.828,0.892,-0.3068406653274505,0.17166356208690037,0.07386419263521957,0.7357678248935344,0.5255578208923726,1.0300565810805906
LANO,NB2,nlminb,n_files ~ YearS + det_unit + z_eccc_mean_rh + z_eccc_wind_speed +     z_mtime2h + (1 | site:year),187,3,6,0.32620320855614976,0.9952715509817401,0.831172044039237,847.7593654705901,848.568354234635,0.476,0.624,-0.1958636293041674,0.17660565414424165,0.2674107413644404,0.822124340702427,0.5815813901852225,1.1621562226400384
40KMyo,NB2,nlminb,n_files ~ YearS + det_unit + z_eccc_mean_rh + (1 | site:year),187,3,6,0.25133689839572193,2.34921872618526,0.903077234729556,1649.1835763621732,1649.65024302884,0.352,0.208,-0.35549604626865156,0.3876170033414918,0.35907335441049293,0.7008257149901641,0.3278459608011482,1.4981324814594288
MYEV,NB2,nlminb,n_files ~ YearS + det_unit + z_eccc_precip + z_mphase + z_eccc_wind_speed +     z_eccc_mean_temp + (1 | site:year),187,3,6,0.47593582887700536,1.0873715669117625,2.4888839748182154,567.3129527731095,568.3299019256518,0.992,0.96,0.13644517490523553,0.1896584046754492,0.4718785225414837,1.1461920359661388,0.7903507318919152,1.6622445330915008
