sp,best_family,optimizer,formula,n_obs,n_sites,n_years,zero_prop,site_re_sd,theta,AIC,AICc_best,dispersion_p,zero_infl_p,YearS_estimate,YearS_se,YearS_p,YearS_IRR,YearS_IRR_low,YearS_IRR_high
EPFU,NB2,nlminb,n_files ~ YearS + z_eccc_mean_temp + z_mtime2h + z_eccc_wind_speed +     (1 | site),460,4,6,0.6369565217391304,1.3158801399748337,0.457818449588721,1189.3855038834583,1189.6332914940779,0.648,0.376,0.6942002182558232,0.08106786694559198,1.0977890826235443e-17,2.002107184669481,1.7079778360642073,2.346888287579903
LABO,NB1,nlminb,n_files ~ YearS + z_eccc_mean_rh + z_eccc_mean_temp + z_eccc_precip +     z_eccc_wind_speed + z_mphase + (1 | site),460,4,6,0.4391304347826087,1.2356701526079996,7.935976771796147,1960.8599627155063,1961.2599627155064,0.628,0.44,-0.020034668871381105,0.039888587156447324,0.6154806382136215,0.9801646915140811,0.9064541192936614,1.0598692223270167
LACI,NB2,nlminb,n_files ~ YearS + z_eccc_mean_temp + z_eccc_wind_speed + (1 |     site),460,4,6,0.4826086956521739,1.4463778306628539,0.44954919091355366,1892.1448076520278,1892.330238115604,0.288,0.188,-0.24291006192418244,0.10550760331651884,0.02131830960890686,0.7843420528144489,0.6378187260104935,0.9645255473466023
LANO,NB2,nlminb,n_files ~ YearS + z_eccc_mean_temp + z_eccc_wind_speed + z_mphase +     z_eccc_precip + (1 | site),460,4,6,0.40217391304347827,1.0533244083634588,0.4669759453159303,2216.134698249708,2216.45398871534,0.432,0.168,-0.036514893447510036,0.08436357346815529,0.6651399310113774,0.9641437343652929,0.817205685269125,1.1375020478592512
40KMyo,NB2,nlminb,n_files ~ YearS + z_eccc_mean_temp + z_eccc_wind_speed + (1 |     site),460,4,6,0.3804347826086957,2.131104566271048,0.4096639390241065,3220.0690905212427,3220.254520984819,0.676,0.544,0.22772968068610136,0.06730275817296194,7.152640216039295e-4,1.2557458271975075,1.1005595129321846,1.4328144584591118
