sp,best_family,optimizer,formula,n_obs,n_sites,n_years,zero_prop,site_re_sd,theta,AIC,AICc_best,dispersion_p,zero_infl_p,YearS_estimate,YearS_se,YearS_p,YearS_IRR,YearS_IRR_low,YearS_IRR_high
EPFU,NB2,nlminb,n_files ~ YearS + z_eccc_mean_temp + z_eccc_wind_speed + z_mtime2h +     (1 | site),264,3,5,0.4015151515151515,1.7329984443082773,0.7514240455017167,1163.0401025444473,1163.4776025444473,0.716,0.372,0.6859611359909465,0.093279214626654,1.9258118217154632e-13,1.985679426626497,1.6539018185217913,2.3840126065353755
LABO,NB2,nlminb,n_files ~ YearS + z_eccc_mean_temp + (1 | site),264,3,5,0.4659090909090909,1.638916255479518,0.7484524608686687,940.3160890296791,940.548647169214,0.764,0.528,0.8587853971300038,0.09945169907214739,5.862393884619473e-18,2.36029213437781,1.9422821520762323,2.868264507116319
LACI,NB2,nlminb,n_files ~ YearS + z_eccc_mean_temp + z_eccc_wind_speed + z_mtime2h +     z_eccc_mean_rh + (1 | site),264,3,5,0.5037878787878788,1.3337929295256148,0.33003628790697476,1091.9044562973806,1092.4691621797335,0.34,0.32,-0.11489589091545015,0.14266899218602505,0.4206281766836844,0.8914589480508657,0.6740021505750943,1.1790749560396456
LANO,NB2,nlminb,n_files ~ YearS + z_eccc_precip + z_mphase + z_eccc_mean_rh +     (1 | site),264,3,5,0.36363636363636365,1.1024551447811408,0.47719205355785077,1383.2931483206692,1383.7306483206692,0.332,0.452,0.082035148013406,0.1438260287803247,0.5684216053031257,1.0854939621153892,0.8188464573766284,1.4389720211575736
40KMyo,NB2,nlminb,n_files ~ YearS + z_eccc_mean_temp + (1 | site),264,3,5,0.18181818181818182,2.50306029154886,0.43705588518365923,2528.3167557365846,2528.5493138761194,0.924,0.852,0.3588381576195512,0.1280331432282558,0.0050677192905735045,1.4316650787365286,1.1139339045082717,1.8400238015723767
